title,authors,year
"Python Crash Course, 3rd Edition",Eric Matthes,2022
Python Programming Crash Course,Alex Jaxson,2022
Python Basics,"David Amos, Dan Bader, Joanna Jablonski, Fletcher Heisler",2021
Python Distilled,David M. Beazley,2021
PYTHON Exercises,Ray Yao,2021
Python,Andy Vickler,2021
"Python Crash Course, 2nd Edition",Eric Matthes,2019
Python Programming,Reema Thareja,2019
Let Us Python,Yashavant Kanetkar,2019
Python All-in-One For Dummies,"John Shovic, Alan Simpson",2019
Python Programming,Sarah Stewart,2019
Python,Martin Evans,2018
Python,Joshua Welsh,2017
Deep Learning with Python,"Francois Chollet, Matthew Watson, Matthew Watson",2017
Core Python Programming,R. Nageswara Rao,2016
Python,Byron Francis,2016
Introduction to Machine Learning with Python,"Andreas C. Mueller, Sarah Guido",2016
Python for Everybody,Charles R. Severance,2016
Python Data Science Handbook,Jake VanderPlas,2016
Fluent Python,Luciano Ramalho,2015
Automate the Boring Stuff with Python,Al Sweigart,2015
Effective Python,Brett Slatkin,2015
Data science from scratch,Joel Grus,2015
Python crash course,Eric Matthes,2015
Python Playground,Mahesh Venkitachalam,2015
Black Hat Python,"Justin Seitz, Tim Arnold",2014
Introduction To Computation And Programming Using Python,John Guttag,2013
Python For Data Analysis,Wes McKinney,2012
Python for Kids,Jason R. Briggs,2012
Data Structures and Algorithms in Python,"Michael T. Goodrich, Roberto Tamassia, Michael H Goldwasser",2012
Beginning Python,James R. Payne,2010
Head First Python,Paul Barry,2010
Think Python,"Allen B. Downey, Allen Downey",2009
Programming in Python 3,Mark Summerfield,2009
Starting out with Python,Tony Gaddis,2008
Core Python programming,Wesley Chun,2006
Python for dummies,"Stef Maruch, Aahz Maruch",2006
Michael Palin Diaries 1969-1979,Michael Palin,2006
Pythons' Autobiography by the Pythons,"Monty Python, Graham Chapman, John Cleese, Terry Gilliam, Eric Idle, Terry Jones, Michael Palin, et al, Bob McCabe",2003
Python programming,John M. Zelle,2003
Python Cookbook,"Alex Martelli, David Ascher, David M. Beazley, Brian K. Jones",2002
Python in a Nutshell,"Alex Martelli, Anna Ravenscroft, Steve Holden",2002
"Python, The Complete Reference",Martin C. Brown,2001
